timestamp,open,high,low,close,volume
2022-12-06 05:00:00+00:00,287.41,287.58,280.265,281.79,644216.0
2022-12-07 05:00:00+00:00,280.36,282.55,278.88,280.42,432457.0
2022-12-08 05:00:00+00:00,281.88,284.795,279.81,283.97,562920.0
2022-12-09 05:00:00+00:00,282.85,285.605,281.65,282.08,409336.0
2022-12-12 05:00:00+00:00,282.19,285.6,281.18,285.6,405100.0
2022-12-13 05:00:00+00:00,296.78,296.81,286.03,288.64,688520.0
2022-12-14 05:00:00+00:00,288.04,291.35,283.32,286.44,717007.0
2022-12-15 05:00:00+00:00,282.23,282.91,275.71,276.85,940130.0
2022-12-16 05:00:00+00:00,276.2,277.76,272.65,274.19,764887.0
2022-12-19 05:00:00+00:00,273.87,273.87,268.5,269.91,481125.0
2022-12-20 05:00:00+00:00,268.565,271.265,266.98,269.55,480087.0
2022-12-21 05:00:00+00:00,270.64,274.77,269.75,273.55,483162.0
2022-12-22 05:00:00+00:00,270.26,270.46,262.51,266.79,917819.0
2022-12-23 05:00:00+00:00,265.41,268.0,263.66,267.34,280505.0
2022-12-27 05:00:00+00:00,266.78,266.78,263.125,263.46,577382.0
2022-12-28 05:00:00+00:00,263.19,265.36,259.745,260.04,1131232.0
2022-12-29 05:00:00+00:00,262.99,267.4,262.28,266.475,865585.0
2022-12-30 05:00:00+00:00,263.35,266.37,262.34,266.37,524404.0
2023-01-03 05:00:00+00:00,268.63,270.09,262.32,264.49,402071.0
2023-01-04 05:00:00+00:00,266.7,267.395,262.6,265.76,654650.0
2023-01-05 05:00:00+00:00,263.97,264.065,261.29,261.58,510243.0
2023-01-06 05:00:00+00:00,263.295,269.9,260.38,268.71,652106.0
2023-01-09 05:00:00+00:00,270.84,275.29,269.935,270.45,719596.0
2023-01-10 05:00:00+00:00,269.48,272.88,269.0,272.88,423201.0
2023-01-11 05:00:00+00:00,274.03,277.66,273.165,277.56,599239.0
2023-01-12 05:00:00+00:00,278.34,279.975,273.76,279.08,676105.0
2023-01-13 05:00:00+00:00,276.43,281.2,276.37,280.94,409279.0
2023-01-17 05:00:00+00:00,280.85,282.83,279.67,281.445,475395.0
2023-01-18 05:00:00+00:00,283.17,284.66,277.685,277.805,603389.0
2023-01-19 05:00:00+00:00,276.11,277.37,273.96,275.0,492278.0
2023-01-20 05:00:00+00:00,276.68,283.01,275.82,282.84,736764.0
2023-01-23 05:00:00+00:00,283.54,290.2,282.75,289.1,930018.0
2023-01-24 05:00:00+00:00,287.5,289.47,286.78,288.46,574001.0
2023-01-25 05:00:00+00:00,283.72,288.32,281.21,287.58,642275.0
2023-01-26 05:00:00+00:00,291.39,293.51,288.56,293.485,623970.0
2023-01-27 05:00:00+00:00,292.08,298.235,292.0,296.16,718088.0
2023-01-30 05:00:00+00:00,292.84,294.37,289.92,290.01,780744.0
2023-01-31 05:00:00+00:00,290.39,294.72,290.24,294.68,561792.0
2023-02-01 05:00:00+00:00,294.42,303.3,292.39,301.02,687618.0
2023-02-02 05:00:00+00:00,307.56,313.665,306.8,311.75,1111955.0
2023-02-03 05:00:00+00:00,304.89,312.315,304.56,306.15,874599.0
2023-02-06 05:00:00+00:00,303.5,305.84,302.25,303.63,540966.0
2023-02-07 05:00:00+00:00,303.48,311.0,302.33,310.045,757292.0
2023-02-08 05:00:00+00:00,308.48,309.45,303.69,304.46,658666.0
2023-02-09 05:00:00+00:00,308.915,308.97,300.23,301.61,716676.0
2023-02-10 05:00:00+00:00,299.49,301.54,297.26,299.71,790502.0
2023-02-13 05:00:00+00:00,301.1,305.06,299.93,304.495,556479.0
2023-02-14 05:00:00+00:00,302.91,307.69,300.93,306.71,736026.0
2023-02-15 05:00:00+00:00,304.9,309.25,304.29,309.25,611154.0
2023-02-16 05:00:00+00:00,304.36,308.37,303.15,303.18,676499.0
2023-02-17 05:00:00+00:00,301.07,301.76,298.13,301.09,780930.0
2023-02-21 05:00:00+00:00,297.21,298.71,293.895,293.93,729607.0
2023-02-22 05:00:00+00:00,294.73,296.09,292.6,294.14,587105.0
2023-02-23 05:00:00+00:00,297.96,298.1,292.57,296.88,660736.0
2023-02-24 05:00:00+00:00,291.44,292.88,290.05,291.79,692195.0
2023-02-27 05:00:00+00:00,295.21,296.44,293.35,293.96,410046.0
2023-02-28 05:00:00+00:00,293.3,296.07,293.04,293.56,438130.0
2023-03-01 05:00:00+00:00,293.06,293.9,290.24,291.03,509452.0
2023-03-02 05:00:00+00:00,288.6,294.43,288.38,293.69,591513.0
2023-03-03 05:00:00+00:00,295.45,299.92,294.89,299.71,589148.0
2023-03-06 05:00:00+00:00,301.1,303.98,299.83,300.03,686198.0
2023-03-07 05:00:00+00:00,300.02,301.01,295.72,296.36,904425.0
2023-03-08 05:00:00+00:00,296.78,298.42,294.965,297.83,740976.0
2023-03-09 05:00:00+00:00,298.31,300.95,291.86,292.6,1149064.0
2023-03-10 05:00:00+00:00,292.78,294.34,287.47,288.54,1074211.0
2023-03-13 04:00:00+00:00,286.66,294.44,285.24,290.7,1050955.0
2023-03-14 04:00:00+00:00,294.38,297.93,293.46,297.35,857947.0
2023-03-15 04:00:00+00:00,294.49,299.235,293.27,298.85,1034085.0
2023-03-16 04:00:00+00:00,298.0,307.17,297.255,306.8,1069409.0
2023-03-17 04:00:00+00:00,306.7,309.08,303.43,305.32,888285.0
2023-03-20 04:00:00+00:00,304.3,306.29,302.01,305.74,769090.0
2023-03-21 04:00:00+00:00,307.93,310.74,306.41,310.23,618504.0
2023-03-22 04:00:00+00:00,310.25,315.19,305.95,306.05,821367.0
2023-03-23 04:00:00+00:00,309.89,314.08,307.06,309.72,1009362.0
2023-03-24 04:00:00+00:00,309.17,310.965,307.02,310.95,705942.0
2023-03-27 04:00:00+00:00,311.645,312.645,307.91,308.68,724433.0
2023-03-28 04:00:00+00:00,308.16,308.16,304.78,307.14,717556.0
2023-03-29 04:00:00+00:00,310.9,313.29,310.07,312.73,986317.0
2023-03-30 04:00:00+00:00,315.23,316.29,313.94,315.69,1302146.0
2023-03-31 04:00:00+00:00,315.92,321.16,315.66,320.83,1015000.0
2023-04-03 04:00:00+00:00,318.75,320.39,317.48,320.17,812455.0
2023-04-04 04:00:00+00:00,320.62,321.63,317.83,319.105,712960.0
2023-04-05 04:00:00+00:00,318.03,318.23,314.07,315.83,1091031.0
2023-04-06 04:00:00+00:00,314.19,318.54,312.88,318.11,789099.0
2023-04-10 04:00:00+00:00,315.08,317.87,313.25,317.77,726034.0
2023-04-11 04:00:00+00:00,317.8,317.8,315.36,315.79,569251.0
2023-04-12 04:00:00+00:00,317.84,318.4,312.57,312.95,926466.0
2023-04-13 04:00:00+00:00,314.85,319.65,314.66,319.24,853232.0
2023-04-14 04:00:00+00:00,317.57,320.33,315.64,318.59,946837.0
2023-04-17 04:00:00+00:00,318.17,319.185,316.15,318.77,658395.0
2023-04-18 04:00:00+00:00,321.05,321.36,317.65,318.85,632097.0
2023-04-19 04:00:00+00:00,316.29,319.64,316.28,318.77,548971.0
2023-04-20 04:00:00+00:00,315.62,319.26,314.975,316.29,976407.0
2023-04-21 04:00:00+00:00,315.85,317.39,314.13,316.66,575491.0
2023-04-24 04:00:00+00:00,316.33,317.72,313.74,315.91,674098.0
2023-04-25 04:00:00+00:00,314.28,314.97,309.92,309.92,780313.0
2023-04-26 04:00:00+00:00,313.4,314.935,311.34,311.88,853164.0
2023-04-27 04:00:00+00:00,315.74,320.85,315.05,320.37,1196713.0
2023-04-28 04:00:00+00:00,319.98,322.615,318.98,322.61,1189235.0
2023-05-01 04:00:00+00:00,322.09,323.58,321.11,322.205,703067.0
2023-05-02 04:00:00+00:00,322.12,322.42,317.69,319.26,813866.0
2023-05-03 04:00:00+00:00,319.75,322.38,317.2,317.355,490092.0
2023-05-04 04:00:00+00:00,317.04,318.21,315.15,316.19,705119.0
2023-05-05 04:00:00+00:00,318.36,323.74,318.11,322.89,869794.0
2023-05-08 04:00:00+00:00,322.44,324.03,321.34,323.72,364890.0
2023-05-09 04:00:00+00:00,322.105,322.82,321.35,321.56,438908.0
2023-05-10 04:00:00+00:00,324.12,326.01,321.62,325.2,901207.0
2023-05-11 04:00:00+00:00,325.71,326.745,324.14,326.115,485021.0
2023-05-12 04:00:00+00:00,326.74,327.15,322.95,325.06,704816.0
2023-05-15 04:00:00+00:00,325.53,327.03,323.99,326.75,673638.0
2023-05-16 04:00:00+00:00,326.04,328.9,326.04,327.16,614020.0
2023-05-17 04:00:00+00:00,328.245,331.685,327.08,331.2,572208.0
2023-05-18 04:00:00+00:00,331.52,337.49,331.52,337.255,786674.0
2023-05-19 04:00:00+00:00,337.59,338.165,335.44,336.44,707545.0
2023-05-22 04:00:00+00:00,336.34,338.61,336.245,337.575,472749.0
2023-05-23 04:00:00+00:00,335.92,337.025,333.02,333.32,621592.0
2023-05-24 04:00:00+00:00,331.26,332.88,329.585,331.55,1036731.0
2023-05-25 04:00:00+00:00,339.26,340.955,336.74,339.68,864846.0
2023-05-26 04:00:00+00:00,340.77,349.23,340.72,348.42,1048914.0
2023-05-30 04:00:00+00:00,352.84,353.895,348.57,349.9,1159352.0
2023-05-31 04:00:00+00:00,348.26,350.57,346.54,347.58,1041848.0
2023-06-01 04:00:00+00:00,347.73,353.305,346.68,352.0,519502.0
2023-06-02 04:00:00+00:00,353.89,355.8,352.05,354.48,503945.0
2023-06-05 04:00:00+00:00,354.49,357.49,353.86,354.895,546924.0
2023-06-06 04:00:00+00:00,354.22,355.71,352.97,354.97,583134.0
2023-06-07 04:00:00+00:00,355.23,357.06,348.2,348.79,1163036.0
2023-06-08 04:00:00+00:00,349.18,353.6,348.95,353.17,622613.0
2023-06-09 04:00:00+00:00,354.625,357.625,353.08,354.475,641466.0
2023-06-12 04:00:00+00:00,356.21,360.575,355.2,360.51,498184.0
2023-06-13 04:00:00+00:00,363.43,364.07,360.13,363.31,527279.0
2023-06-14 04:00:00+00:00,363.31,366.15,360.42,365.89,639020.0
2023-06-15 04:00:00+00:00,364.68,371.765,364.0,370.26,724691.0
2023-06-16 04:00:00+00:00,372.74,372.81,367.48,367.78,840702.0
2023-06-20 04:00:00+00:00,366.03,368.31,363.95,366.95,444755.0
2023-06-21 04:00:00+00:00,365.855,366.13,360.99,361.96,480117.0
2023-06-22 04:00:00+00:00,360.64,366.31,360.27,366.22,452628.0
2023-06-23 04:00:00+00:00,362.16,364.76,360.86,362.53,455561.0
2023-06-26 04:00:00+00:00,362.05,364.83,357.61,357.73,675218.0
2023-06-27 04:00:00+00:00,359.21,364.54,358.62,363.86,622054.0
2023-06-28 04:00:00+00:00,362.03,366.46,361.99,364.55,460298.0
2023-06-29 04:00:00+00:00,364.25,364.825,362.2,363.84,798991.0
2023-06-30 04:00:00+00:00,367.57,370.48,367.28,369.54,997914.0
2023-07-03 04:00:00+00:00,369.98,370.9,368.98,370.33,174788.0
2023-07-05 04:00:00+00:00,368.71,371.995,368.71,370.27,361578.0
2023-07-06 04:00:00+00:00,366.54,367.9,364.52,367.495,579301.0
2023-07-07 04:00:00+00:00,367.23,370.44,366.04,366.22,666137.0
2023-07-10 04:00:00+00:00,365.97,367.0,363.47,366.39,468136.0
2023-07-11 04:00:00+00:00,366.79,368.57,364.66,368.18,392961.0
2023-07-12 04:00:00+00:00,372.44,374.17,370.33,372.75,682932.0
2023-07-13 04:00:00+00:00,376.09,379.985,375.47,379.2,473061.0
2023-07-14 04:00:00+00:00,379.73,382.86,378.245,379.14,456464.0
2023-07-17 04:00:00+00:00,379.8,383.45,379.42,382.46,382878.0
2023-07-18 04:00:00+00:00,381.91,387.08,380.01,385.84,737398.0
2023-07-19 04:00:00+00:00,386.82,387.96,384.34,385.32,431719.0
2023-07-20 04:00:00+00:00,382.56,384.06,375.77,376.65,1119180.0
2023-07-21 04:00:00+00:00,379.135,379.855,375.2,375.76,732344.0
2023-07-24 04:00:00+00:00,376.63,377.55,374.37,376.22,327253.0
2023-07-25 04:00:00+00:00,376.99,380.45,376.99,378.87,409780.0
2023-07-26 04:00:00+00:00,377.6,379.12,375.21,377.54,472810.0
2023-07-27 04:00:00+00:00,383.11,384.58,375.32,376.63,710591.0
2023-07-28 04:00:00+00:00,380.6,384.48,380.22,383.41,760857.0
2023-07-31 04:00:00+00:00,383.92,384.78,382.39,383.81,688010.0
2023-08-01 04:00:00+00:00,382.35,383.54,380.73,382.84,533556.0
2023-08-02 04:00:00+00:00,379.17,379.215,373.14,374.46,1057739.0
2023-08-03 04:00:00+00:00,371.93,375.895,371.92,373.86,666654.0
2023-08-04 04:00:00+00:00,375.725,378.085,371.55,371.97,679694.0
2023-08-07 04:00:00+00:00,373.99,375.29,371.56,375.24,472160.0
2023-08-08 04:00:00+00:00,372.61,372.62,368.85,371.93,499813.0
2023-08-09 04:00:00+00:00,372.22,372.4,367.16,367.87,760695.0
2023-08-10 04:00:00+00:00,371.01,374.35,367.035,368.55,696090.0
2023-08-11 04:00:00+00:00,365.83,368.0,364.77,366.09,500401.0
2023-08-14 04:00:00+00:00,365.52,370.47,364.725,370.45,420212.0
2023-08-15 04:00:00+00:00,369.26,370.14,365.765,366.425,531580.0
2023-08-16 04:00:00+00:00,365.85,367.27,362.465,362.56,534585.0
2023-08-17 04:00:00+00:00,363.98,364.29,358.21,358.53,870264.0
2023-08-18 04:00:00+00:00,355.13,359.355,354.75,358.13,778543.0
2023-08-21 04:00:00+00:00,359.65,364.585,359.18,364.04,533770.0
2023-08-22 04:00:00+00:00,366.51,366.52,362.71,363.38,542967.0
2023-08-23 04:00:00+00:00,364.54,370.21,364.37,369.16,675891.0
2023-08-24 04:00:00+00:00,372.67,372.67,361.03,361.03,967876.0
2023-08-25 04:00:00+00:00,362.01,365.705,358.59,364.12,895799.0
2023-08-28 04:00:00+00:00,367.03,367.7,364.275,366.81,559198.0
2023-08-29 04:00:00+00:00,366.54,375.12,366.27,374.68,865070.0
2023-08-30 04:00:00+00:00,374.94,377.41,373.88,376.89,586736.0
2023-08-31 04:00:00+00:00,377.01,379.71,377.0,377.92,432228.0
2023-09-01 04:00:00+00:00,380.42,380.72,376.12,377.66,521553.0
2023-09-05 04:00:00+00:00,376.76,379.29,375.905,378.02,422367.0
2023-09-06 04:00:00+00:00,377.22,377.575,372.73,374.83,655222.0
2023-09-07 04:00:00+00:00,370.21,372.79,369.19,372.1,652019.0
2023-09-08 04:00:00+00:00,372.01,374.83,371.625,372.66,418292.0
2023-09-11 04:00:00+00:00,375.66,377.475,373.66,377.005,461315.0
2023-09-12 04:00:00+00:00,375.09,376.61,372.52,372.81,573367.0
2023-09-13 04:00:00+00:00,372.97,375.83,371.9,374.23,589657.0
2023-09-14 04:00:00+00:00,375.96,378.26,373.955,377.25,510306.0
2023-09-15 04:00:00+00:00,375.91,376.27,369.9,370.61,763450.0
2023-09-18 04:00:00+00:00,369.36,371.76,369.04,370.7,569964.0
2023-09-19 04:00:00+00:00,369.28,370.595,366.83,369.86,488847.0
2023-09-20 04:00:00+00:00,370.92,371.23,364.5,364.55,780228.0
2023-09-21 04:00:00+00:00,360.83,361.59,357.71,357.78,1072360.0
2023-09-22 04:00:00+00:00,359.61,361.78,357.63,357.925,907471.0
2023-09-25 04:00:00+00:00,356.9,359.68,355.945,359.68,497380.0
2023-09-26 04:00:00+00:00,357.04,357.485,353.22,354.23,856169.0
2023-09-27 04:00:00+00:00,355.38,356.96,351.36,355.14,766066.0
2023-09-28 04:00:00+00:00,354.11,360.14,353.29,358.03,657225.0
2023-09-29 04:00:00+00:00,361.52,362.915,357.05,358.39,947967.0
2023-10-02 04:00:00+00:00,358.49,362.635,357.93,361.23,819023.0
2023-10-03 04:00:00+00:00,358.77,360.96,353.275,354.89,925420.0
2023-10-04 04:00:00+00:00,355.81,360.61,355.325,359.72,655832.0
2023-10-05 04:00:00+00:00,359.79,360.12,355.16,358.51,619823.0
2023-10-06 04:00:00+00:00,355.7,365.91,354.85,364.7,1384980.0
2023-10-09 04:00:00+00:00,362.27,367.11,360.79,366.56,805096.0
2023-10-10 04:00:00+00:00,366.89,371.27,366.4,368.515,755687.0
2023-10-11 04:00:00+00:00,369.93,371.39,368.24,371.2,617876.0
2023-10-12 04:00:00+00:00,371.78,373.515,367.55,369.86,757757.0
2023-10-13 04:00:00+00:00,370.6,371.12,363.9,365.23,887140.0
2023-10-16 04:00:00+00:00,366.67,370.455,366.56,369.4,713044.0
2023-10-17 04:00:00+00:00,365.73,369.91,363.69,368.26,836418.0
2023-10-18 04:00:00+00:00,365.64,367.88,362.07,363.04,745755.0
2023-10-19 04:00:00+00:00,364.72,366.0,359.2,359.98,716531.0
2023-10-20 04:00:00+00:00,359.29,360.03,354.37,354.64,1105932.0
2023-10-23 04:00:00+00:00,353.22,359.2,351.28,355.79,934118.0
2023-10-24 04:00:00+00:00,357.5,359.89,355.84,359.09,629285.0
2023-10-25 04:00:00+00:00,356.69,356.785,349.76,350.39,968911.0
2023-10-26 04:00:00+00:00,349.16,350.04,342.36,343.62,1144594.0
2023-10-27 04:00:00+00:00,346.46,348.78,344.105,345.46,928616.0
2023-10-30 04:00:00+00:00,347.89,350.52,346.49,349.16,901270.0
2023-10-31 04:00:00+00:00,349.235,351.24,346.63,350.98,684922.0
2023-11-01 04:00:00+00:00,351.7,357.525,351.7,357.08,905297.0
2023-11-02 04:00:00+00:00,361.67,363.67,360.36,363.47,1043425.0
2023-11-03 04:00:00+00:00,364.84,369.02,364.57,367.78,921047.0
2023-11-06 05:00:00+00:00,368.605,369.72,366.91,369.25,601442.0
2023-11-07 05:00:00+00:00,370.31,373.57,369.1,372.7,776567.0
2023-11-08 05:00:00+00:00,373.03,373.76,370.63,372.99,662947.0
2023-11-09 05:00:00+00:00,373.67,374.795,369.6,370.05,737336.0
2023-11-10 05:00:00+00:00,371.83,378.53,371.3,378.38,987170.0
2023-11-13 05:00:00+00:00,376.82,378.24,375.27,377.21,817186.0
2023-11-14 05:00:00+00:00,383.71,386.25,383.2,385.26,1179061.0
2023-11-15 05:00:00+00:00,387.355,387.73,384.24,385.66,973021.0
2023-11-16 05:00:00+00:00,384.8,386.19,383.57,385.98,605568.0
2023-11-17 05:00:00+00:00,385.19,387.06,384.31,386.03,480585.0
2023-11-20 05:00:00+00:00,386.115,391.41,386.1,390.76,709153.0
2023-11-21 05:00:00+00:00,389.06,389.21,386.72,388.44,729115.0
2023-11-22 05:00:00+00:00,390.675,393.04,389.11,390.04,613665.0
2023-11-24 05:00:00+00:00,389.66,390.23,388.54,389.5,399390.0
2023-11-27 05:00:00+00:00,389.11,391.11,388.34,389.13,865562.0
2023-11-28 05:00:00+00:00,388.44,390.74,388.06,390.15,442706.0
2023-11-29 05:00:00+00:00,392.68,394.11,389.47,389.78,553770.0
2023-11-30 05:00:00+00:00,390.01,390.48,385.83,388.94,854499.0
2023-12-01 05:00:00+00:00,387.64,390.51,386.13,389.95,699581.0
2023-12-04 05:00:00+00:00,386.05,386.59,382.66,386.26,834652.0
2023-12-05 05:00:00+00:00,384.35,388.48,384.25,387.31,783764.0
2023-12-06 05:00:00+00:00,390.31,390.34,384.71,385.02,699329.0
2023-12-07 05:00:00+00:00,387.95,391.27,387.01,390.56,802938.0
2023-12-08 05:00:00+00:00,388.68,392.62,388.615,392.15,820536.0
2023-12-11 05:00:00+00:00,391.775,395.79,391.61,395.62,735452.0
2023-12-12 05:00:00+00:00,395.58,398.79,394.42,398.78,628849.0
2023-12-13 05:00:00+00:00,399.615,404.33,398.86,403.79,876140.0
2023-12-14 05:00:00+00:00,404.99,406.29,400.365,403.4,1193959.0
2023-12-15 05:00:00+00:00,404.08,406.53,403.59,404.935,1159311.0
2023-12-18 05:00:00+00:00,404.94,407.98,404.65,407.15,713793.0
2023-12-19 05:00:00+00:00,407.42,409.25,407.39,409.175,608962.0
2023-12-20 05:00:00+00:00,408.29,410.46,402.92,403.06,1175586.0
2023-12-21 05:00:00+00:00,407.04,408.13,404.47,407.79,885052.0
2023-12-22 05:00:00+00:00,409.075,409.96,406.56,408.48,637361.0
2023-12-26 05:00:00+00:00,409.3,411.56,409.23,410.9,441442.0
2023-12-27 05:00:00+00:00,411.04,411.78,410.13,411.46,586308.0
2023-12-28 05:00:00+00:00,412.69,412.89,410.94,411.26,598174.0
2023-12-29 05:00:00+00:00,411.24,411.64,407.58,409.46,819315.0
2024-01-02 05:00:00+00:00,405.78,405.99,400.26,402.6,1297521.0
2024-01-03 05:00:00+00:00,399.94,400.92,397.95,398.27,914438.0
2024-01-04 05:00:00+00:00,396.41,399.56,396.07,396.34,723313.0
2024-01-05 05:00:00+00:00,396.39,399.5,395.36,396.71,803880.0
2024-01-08 05:00:00+00:00,398.21,405.235,397.86,405.0,1161944.0
2024-01-09 05:00:00+00:00,401.91,406.65,401.73,405.78,754373.0
2024-01-10 05:00:00+00:00,406.14,409.51,405.17,408.48,612283.0
2024-01-11 05:00:00+00:00,409.89,411.14,404.28,409.35,957387.0
2024-01-12 05:00:00+00:00,410.39,411.22,408.18,409.48,645052.0
2024-01-16 05:00:00+00:00,408.34,411.11,406.92,409.52,693631.0
2024-01-17 05:00:00+00:00,406.25,407.57,402.96,407.26,843557.0
2024-01-18 05:00:00+00:00,410.79,413.57,409.17,413.14,1095655.0
2024-01-19 05:00:00+00:00,415.2,421.33,414.645,421.24,1209826.0
2024-01-22 05:00:00+00:00,423.52,424.69,421.16,421.75,669193.0
2024-01-23 05:00:00+00:00,422.38,423.635,420.59,423.39,670012.0
2024-01-24 05:00:00+00:00,427.4,429.84,425.34,425.85,777252.0
2024-01-25 05:00:00+00:00,428.38,429.03,423.98,426.3,730987.0
2024-01-26 05:00:00+00:00,424.42,426.19,423.2,423.72,559477.0
2024-01-29 05:00:00+00:00,424.23,428.35,423.63,428.15,584984.0
2024-01-30 05:00:00+00:00,427.18,427.65,424.39,425.26,547659.0
2024-01-31 05:00:00+00:00,420.55,422.86,416.81,416.95,842864.0
2024-02-01 05:00:00+00:00,418.72,422.365,417.81,422.07,756691.0
2024-02-02 05:00:00+00:00,423.67,430.24,422.84,429.145,854002.0
2024-02-05 05:00:00+00:00,429.02,429.59,425.06,428.42,638373.0
2024-02-06 05:00:00+00:00,429.58,430.155,425.25,427.67,696341.0
2024-02-07 05:00:00+00:00,430.45,432.81,429.09,432.03,734367.0
2024-02-08 05:00:00+00:00,432.28,433.54,431.45,432.79,453020.0
2024-02-09 05:00:00+00:00,433.95,437.83,433.18,437.03,619419.0
2024-02-12 05:00:00+00:00,436.7,439.13,434.67,435.39,664965.0
2024-02-13 05:00:00+00:00,426.98,431.26,425.35,428.49,1038211.0
2024-02-14 05:00:00+00:00,431.255,433.65,428.895,433.26,742785.0
2024-02-15 05:00:00+00:00,434.11,434.95,431.35,434.48,694952.0
2024-02-16 05:00:00+00:00,434.82,434.92,429.9,430.58,794374.0
2024-02-20 05:00:00+00:00,428.39,430.01,423.55,427.31,635129.0
2024-02-21 05:00:00+00:00,424.31,425.69,421.67,425.5,482490.0
2024-02-22 05:00:00+00:00,434.49,439.12,433.74,438.2,1028388.0
2024-02-23 05:00:00+00:00,439.63,440.57,435.84,436.77,587938.0
2024-02-26 05:00:00+00:00,437.64,438.58,436.37,436.63,419384.0
2024-02-27 05:00:00+00:00,437.51,437.955,435.07,437.6,691213.0
2024-02-28 05:00:00+00:00,435.47,436.66,434.36,435.27,525041.0
2024-02-29 05:00:00+00:00,438.21,440.085,435.06,439.11,903937.0
2024-03-01 05:00:00+00:00,439.84,446.55,439.84,445.645,644883.0
2024-03-04 05:00:00+00:00,445.55,446.0,443.8,444.04,470519.0
2024-03-05 05:00:00+00:00,440.625,440.78,433.65,435.97,886000.0
2024-03-06 05:00:00+00:00,440.32,441.945,436.91,438.86,538054.0
2024-03-07 05:00:00+00:00,442.44,446.69,440.89,445.53,641686.0
2024-03-08 05:00:00+00:00,445.75,448.61,438.35,439.17,868758.0
2024-03-11 04:00:00+00:00,437.23,438.57,435.46,437.36,516925.0
2024-03-12 04:00:00+00:00,439.92,444.01,436.54,443.65,499377.0
2024-03-13 04:00:00+00:00,442.67,442.67,439.25,440.21,543637.0
2024-03-14 04:00:00+00:00,441.46,441.995,436.415,439.13,559795.0
2024-03-15 04:00:00+00:00,436.16,436.73,432.76,433.95,619753.0
2024-03-18 04:00:00+00:00,438.855,441.04,437.245,437.43,558839.0
2024-03-19 04:00:00+00:00,435.48,438.97,433.425,438.62,495542.0
2024-03-20 04:00:00+00:00,439.94,444.1,438.07,443.88,448257.0
2024-03-21 04:00:00+00:00,448.86,449.31,445.69,445.79,512562.0
2024-03-22 04:00:00+00:00,445.115,447.47,444.57,446.18,329702.0
2024-03-25 04:00:00+00:00,443.36,446.26,442.59,444.76,319374.0
2024-03-26 04:00:00+00:00,446.06,447.19,443.12,443.32,359593.0
2024-03-27 04:00:00+00:00,446.46,446.46,442.05,444.93,571876.0
2024-03-28 04:00:00+00:00,444.85,445.59,443.66,444.09,528840.0
2024-04-01 04:00:00+00:00,444.97,447.49,443.11,445.0,404872.0
2024-04-02 04:00:00+00:00,439.87,441.39,438.045,441.12,628047.0
2024-04-03 04:00:00+00:00,439.035,444.0,439.03,442.09,339958.0
2024-04-04 04:00:00+00:00,446.34,446.91,435.115,435.26,796229.0
2024-04-05 04:00:00+00:00,436.8,443.13,436.04,440.52,756373.0
2024-04-08 04:00:00+00:00,441.49,442.49,439.2,440.6,324310.0
2024-04-09 04:00:00+00:00,443.01,443.18,437.45,442.26,449094.0
2024-04-10 04:00:00+00:00,436.9,439.24,436.31,438.34,730063.0
2024-04-11 04:00:00+00:00,440.365,446.3,438.08,445.475,625795.0
2024-04-12 04:00:00+00:00,441.11,442.24,437.0,438.19,678947.0
2024-04-15 04:00:00+00:00,442.11,442.11,430.24,430.97,597241.0
2024-04-16 04:00:00+00:00,430.66,433.655,429.78,431.07,553677.0
2024-04-17 04:00:00+00:00,433.12,433.12,424.91,425.76,526267.0
2024-04-18 04:00:00+00:00,426.52,428.22,422.89,423.385,557550.0
2024-04-19 04:00:00+00:00,422.12,422.68,413.12,414.71,886562.0
2024-04-22 04:00:00+00:00,417.46,421.18,414.0,418.88,544801.0
2024-04-23 04:00:00+00:00,420.9,426.155,420.47,425.105,436693.0
2024-04-24 04:00:00+00:00,428.525,429.65,424.23,426.54,425851.0
2024-04-25 04:00:00+00:00,418.87,425.29,418.18,424.46,672225.0
2024-04-26 04:00:00+00:00,427.56,432.52,426.99,431.085,620701.0
2024-04-29 04:00:00+00:00,433.355,433.72,430.04,432.83,335776.0
2024-04-30 04:00:00+00:00,431.04,432.53,424.555,424.63,344265.0
2024-05-01 04:00:00+00:00,422.94,430.04,420.73,421.3,461551.0
2024-05-02 04:00:00+00:00,425.505,427.79,420.63,426.92,350318.0
2024-05-03 04:00:00+00:00,434.49,436.29,432.88,435.435,475092.0
2024-05-06 04:00:00+00:00,437.28,440.31,436.53,440.26,433790.0
2024-05-07 04:00:00+00:00,440.7,441.94,439.61,440.26,389173.0
2024-05-08 04:00:00+00:00,437.67,441.445,437.67,440.135,270441.0
2024-05-09 04:00:00+00:00,440.36,441.585,438.595,441.07,368944.0
2024-05-10 04:00:00+00:00,442.55,444.28,440.71,442.1,340349.0
2024-05-13 04:00:00+00:00,444.03,444.03,442.02,443.21,194780.0
2024-05-14 04:00:00+00:00,442.64,446.445,442.5,445.97,538083.0
2024-05-15 04:00:00+00:00,448.51,453.15,446.94,452.87,529815.0
2024-05-16 04:00:00+00:00,452.7,454.665,451.815,451.96,365122.0
2024-05-17 04:00:00+00:00,452.07,452.68,449.58,451.83,324525.0
2024-05-20 04:00:00+00:00,451.98,455.55,451.84,454.94,297861.0
2024-05-21 04:00:00+00:00,452.97,455.96,452.87,455.83,298797.0
2024-05-22 04:00:00+00:00,456.09,456.82,453.22,455.68,369100.0
2024-05-23 04:00:00+00:00,460.52,460.52,451.89,453.76,419196.0
2024-05-24 04:00:00+00:00,455.32,459.185,454.615,457.98,308712.0
2024-05-28 04:00:00+00:00,459.215,459.71,456.73,459.69,552880.0
2024-05-29 04:00:00+00:00,455.46,458.19,455.34,456.49,489260.0
2024-05-30 04:00:00+00:00,455.19,455.23,450.26,451.46,335756.0
2024-05-31 04:00:00+00:00,451.83,452.42,443.09,451.6,673729.0
2024-06-03 04:00:00+00:00,454.71,455.55,447.92,453.11,356668.0
2024-06-04 04:00:00+00:00,452.88,455.53,451.17,454.25,302322.0
2024-06-05 04:00:00+00:00,457.93,463.61,456.96,463.59,601990.0
2024-06-06 04:00:00+00:00,464.2,464.5,462.25,463.41,368197.0
2024-06-07 04:00:00+00:00,462.63,465.69,461.88,462.98,257912.0
2024-06-10 04:00:00+00:00,461.84,465.17,461.61,464.87,399382.0
2024-06-11 04:00:00+00:00,463.53,468.11,462.11,468.11,420565.0
2024-06-12 04:00:00+00:00,471.97,476.355,471.32,474.08,539059.0
2024-06-13 04:00:00+00:00,477.72,478.33,474.56,476.66,397617.0
2024-06-14 04:00:00+00:00,476.525,479.21,476.05,479.19,267261.0
2024-06-17 04:00:00+00:00,479.39,486.75,478.34,485.04,458308.0
2024-06-18 04:00:00+00:00,485.08,485.83,483.44,485.24,346499.0
2024-06-20 04:00:00+00:00,486.53,486.79,479.705,481.44,486141.0
2024-06-21 04:00:00+00:00,481.01,482.48,478.72,480.16,350203.0
2024-06-24 04:00:00+00:00,478.18,479.8,473.84,474.03,348439.0
2024-06-25 04:00:00+00:00,476.07,479.665,475.32,479.43,329810.0
2024-06-26 04:00:00+00:00,478.45,480.9,478.31,480.41,254912.0
2024-06-27 04:00:00+00:00,480.14,483.04,479.33,481.58,515001.0
2024-06-28 04:00:00+00:00,482.35,487.16,478.61,479.06,343220.0
2024-07-01 04:00:00+00:00,479.86,482.46,476.29,481.96,251650.0
2024-07-02 04:00:00+00:00,480.51,487.03,480.36,487.01,336259.0
2024-07-03 04:00:00+00:00,486.25,491.14,486.25,490.99,241862.0
2024-07-05 04:00:00+00:00,492.04,496.595,491.65,496.23,405829.0
2024-07-08 04:00:00+00:00,496.43,497.85,495.64,497.22,306190.0
2024-07-09 04:00:00+00:00,498.97,499.99,496.275,497.82,282897.0
2024-07-10 04:00:00+00:00,499.85,503.47,498.41,503.03,488305.0
2024-07-11 04:00:00+00:00,503.06,503.15,490.775,491.905,646420.0
2024-07-12 04:00:00+00:00,492.345,499.585,492.08,494.84,498123.0
2024-07-15 04:00:00+00:00,496.69,500.91,494.12,496.2,240731.0
2024-07-16 04:00:00+00:00,497.66,498.36,493.2,496.38,302987.0
2024-07-17 04:00:00+00:00,488.11,488.77,481.715,481.825,722150.0
2024-07-18 04:00:00+00:00,485.5,485.7,476.305,479.44,588848.0
2024-07-19 04:00:00+00:00,479.06,481.68,474.19,475.31,529442.0
2024-07-22 04:00:00+00:00,481.14,483.31,477.865,482.2,372713.0
2024-07-23 04:00:00+00:00,481.46,484.41,480.17,480.78,238473.0
2024-07-24 04:00:00+00:00,473.775,474.02,462.58,463.35,572994.0
2024-07-25 04:00:00+00:00,463.72,467.82,455.64,458.22,605098.0
2024-07-26 04:00:00+00:00,462.45,465.91,459.825,463.07,253195.0
2024-07-29 04:00:00+00:00,465.66,467.89,462.05,463.91,219023.0
2024-07-30 04:00:00+00:00,465.71,466.41,454.2,457.46,305703.0
2024-07-31 04:00:00+00:00,467.97,472.72,466.425,471.01,468430.0
2024-08-01 04:00:00+00:00,471.76,475.55,456.03,459.56,595685.0
2024-08-02 04:00:00+00:00,450.9,453.44,444.52,448.66,636241.0
2024-08-05 04:00:00+00:00,424.6,442.21,423.5,435.805,781499.0
2024-08-06 04:00:00+00:00,437.64,447.01,434.86,439.53,504204.0
2024-08-07 04:00:00+00:00,446.715,448.99,434.43,434.94,459278.0
2024-08-08 04:00:00+00:00,441.02,448.89,437.39,448.0,392703.0
2024-08-09 04:00:00+00:00,446.73,452.03,445.67,450.5,377238.0
2024-08-12 04:00:00+00:00,451.38,454.19,448.61,451.4,207563.0
2024-08-13 04:00:00+00:00,456.14,462.83,455.91,462.58,472272.0
2024-08-14 04:00:00+00:00,463.59,464.995,458.49,462.82,418622.0
2024-08-15 04:00:00+00:00,469.43,474.8,468.46,474.4,525489.0
2024-08-16 04:00:00+00:00,472.68,476.29,471.92,475.06,274804.0
2024-08-19 04:00:00+00:00,475.12,481.3,473.47,481.19,244460.0
2024-08-20 04:00:00+00:00,480.39,482.91,478.56,480.18,339512.0
2024-08-21 04:00:00+00:00,480.835,484.36,479.39,482.55,236860.0
2024-08-22 04:00:00+00:00,484.72,485.5,473.87,474.92,596984.0
2024-08-23 04:00:00+00:00,479.33,482.69,475.32,480.16,464277.0
2024-08-26 04:00:00+00:00,479.52,480.34,473.25,475.36,685116.0
2024-08-27 04:00:00+00:00,473.68,477.82,471.76,476.88,365586.0
2024-08-28 04:00:00+00:00,476.46,476.985,467.93,471.24,453425.0
2024-08-29 04:00:00+00:00,473.2,477.88,469.49,470.79,508150.0
2024-08-30 04:00:00+00:00,474.91,476.87,470.58,476.43,423686.0
2024-09-03 04:00:00+00:00,473.21,473.25,459.48,461.85,645566.0
2024-09-04 04:00:00+00:00,458.55,464.415,457.77,460.6,470592.0
2024-09-05 04:00:00+00:00,459.03,465.16,458.16,461.13,336157.0
2024-09-06 04:00:00+00:00,460.44,461.14,448.2,448.86,674359.0
2024-09-09 04:00:00+00:00,452.89,455.41,449.96,454.51,323244.0
2024-09-10 04:00:00+00:00,456.32,459.15,452.29,458.83,339882.0
2024-09-11 04:00:00+00:00,459.65,469.36,451.39,468.37,521668.0
2024-09-12 04:00:00+00:00,468.7,474.0,466.92,473.18,570501.0
2024-09-13 04:00:00+00:00,472.68,476.46,472.44,475.25,235659.0
2024-09-16 04:00:00+00:00,473.17,473.79,469.98,473.095,233720.0
2024-09-17 04:00:00+00:00,476.305,477.44,471.02,473.5,308495.0
2024-09-18 04:00:00+00:00,474.62,478.71,470.86,471.44,375646.0
2024-09-19 04:00:00+00:00,482.7,486.22,480.6,483.32,761519.0
2024-09-20 04:00:00+00:00,482.64,483.67,478.365,482.31,394891.0
2024-09-23 04:00:00+00:00,482.91,484.11,481.66,482.975,223947.0
2024-09-24 04:00:00+00:00,484.51,486.3,480.18,485.48,310593.0
2024-09-25 04:00:00+00:00,484.89,487.75,484.58,486.05,394103.0
2024-09-26 04:00:00+00:00,493.6,493.65,485.83,489.36,511083.0
2024-09-27 04:00:00+00:00,490.58,490.58,485.61,486.74,397377.0
2024-09-30 04:00:00+00:00,485.77,488.41,483.01,487.94,478214.0
2024-10-01 04:00:00+00:00,487.72,487.9,477.41,481.21,660250.0
2024-10-02 04:00:00+00:00,480.09,483.84,477.78,481.96,226512.0
2024-10-03 04:00:00+00:00,479.78,484.51,479.02,481.57,287230.0
2024-10-04 04:00:00+00:00,487.51,487.88,482.49,487.37,439186.0
2024-10-07 04:00:00+00:00,485.41,486.54,480.915,482.06,308498.0
2024-10-08 04:00:00+00:00,484.64,489.96,483.88,489.205,408420.0
2024-10-09 04:00:00+00:00,489.04,493.71,488.015,493.2,421834.0
2024-10-10 04:00:00+00:00,490.89,494.39,489.58,492.62,220198.0
2024-10-11 04:00:00+00:00,490.58,494.38,490.2,493.31,285339.0
2024-10-14 04:00:00+00:00,495.75,498.81,495.35,497.5,350005.0
2024-10-15 04:00:00+00:00,497.83,498.41,488.71,490.83,530358.0
2024-10-16 04:00:00+00:00,491.18,491.62,487.7,490.9,253117.0
2024-10-17 04:00:00+00:00,496.39,496.39,491.31,491.37,324263.0
2024-10-18 04:00:00+00:00,494.03,495.54,493.36,494.51,316710.0
2024-10-21 04:00:00+00:00,493.48,496.19,491.46,495.44,364941.0
2024-10-22 04:00:00+00:00,492.73,497.425,491.99,495.96,279753.0
2024-10-23 04:00:00+00:00,493.57,494.205,485.09,488.46,475303.0
2024-10-24 04:00:00+00:00,492.16,492.97,489.505,492.3,293899.0
2024-10-25 04:00:00+00:00,495.18,500.27,494.51,495.25,485755.0
2024-10-28 04:00:00+00:00,498.465,498.465,495.125,495.4,292400.0
2024-10-29 04:00:00+00:00,495.68,501.315,493.87,500.23,406649.0
2024-10-30 04:00:00+00:00,499.32,500.25,495.92,496.51,417833.0
2024-10-31 04:00:00+00:00,492.21,492.21,483.805,483.85,430032.0
2024-11-01 04:00:00+00:00,485.46,490.72,485.46,487.41,444233.0
2024-11-04 05:00:00+00:00,486.84,489.32,484.31,486.02,342665.0
2024-11-05 05:00:00+00:00,487.61,492.85,487.57,492.19,274438.0
2024-11-06 05:00:00+00:00,500.765,506.4,499.64,505.6,565333.0
2024-11-07 05:00:00+00:00,508.4,514.27,508.4,513.55,395191.0
2024-11-08 05:00:00+00:00,513.1,514.9,512.42,514.17,345774.0
2024-11-11 05:00:00+00:00,515.36,515.53,511.0,513.91,304716.0
2024-11-12 05:00:00+00:00,513.75,514.66,509.89,512.88,377995.0
2024-11-13 05:00:00+00:00,512.33,514.91,509.95,512.27,412586.0
2024-11-14 05:00:00+00:00,512.27,512.66,507.81,508.76,308586.0
2024-11-15 05:00:00+00:00,502.9,503.33,494.53,496.45,660729.0
2024-11-18 05:00:00+00:00,498.15,502.085,496.82,499.96,371654.0
2024-11-19 05:00:00+00:00,497.39,503.93,497.21,503.42,406599.0
2024-11-20 05:00:00+00:00,503.16,503.46,496.57,503.08,346539.0
2024-11-21 05:00:00+00:00,506.2,506.91,497.68,504.98,414521.0
2024-11-22 05:00:00+00:00,504.43,506.52,502.8,505.79,262097.0
2024-11-25 05:00:00+00:00,509.87,511.32,504.34,506.59,297786.0
2024-11-26 05:00:00+00:00,508.4,510.12,507.24,509.33,289242.0
2024-11-27 05:00:00+00:00,508.13,508.13,502.15,505.27,317474.0
2024-11-29 05:00:00+00:00,505.98,510.21,505.36,509.74,175081.0
2024-12-02 05:00:00+00:00,511.03,516.235,510.71,515.29,333408.0
2024-12-03 05:00:00+00:00,514.08,517.14,513.5,516.95,248775.0
2024-12-04 05:00:00+00:00,520.3,523.51,519.6,523.24,398393.0
2024-12-05 05:00:00+00:00,523.33,523.98,521.49,521.89,261114.0
2024-12-06 05:00:00+00:00,522.54,526.71,522.535,526.51,362449.0
2024-12-09 05:00:00+00:00,525.52,526.31,521.23,522.39,396740.0
2024-12-10 05:00:00+00:00,523.53,525.27,519.24,520.55,373370.0
2024-12-11 05:00:00+00:00,524.93,530.57,524.6,529.95,471846.0
2024-12-12 05:00:00+00:00,527.73,528.86,526.11,526.69,269611.0
2024-12-13 05:00:00+00:00,530.42,533.06,527.31,530.44,325816.0
2024-12-16 05:00:00+00:00,533.02,539.13,533.0,538.19,299183.0
2024-12-17 05:00:00+00:00,536.4,537.42,534.15,535.81,452023.0
2024-12-18 05:00:00+00:00,535.07,536.87,515.05,516.6,684833.0
2024-12-19 05:00:00+00:00,521.17,521.63,513.85,514.18,636051.0
2024-12-20 05:00:00+00:00,510.36,524.815,509.43,518.62,567163.0
2024-12-23 05:00:00+00:00,519.61,520.73,516.27,517.84,65492.0
2024-12-24 05:00:00+00:00,524.82,530.01,524.29,530.01,400296.0
2024-12-26 05:00:00+00:00,528.34,531.0,526.49,529.6,235490.0
2024-12-27 05:00:00+00:00,526.07,526.32,517.905,522.55,489143.0
2024-12-30 05:00:00+00:00,515.46,519.3,511.92,515.57,395727.0
2024-12-31 05:00:00+00:00,516.95,517.66,510.26,511.23,355308.0
2025-01-02 05:00:00+00:00,514.23,516.59,505.71,510.33,442507.0
2025-01-03 05:00:00+00:00,513.295,519.645,512.62,518.54,486069.0
2025-01-06 05:00:00+00:00,524.185,527.9,522.05,524.55,427197.0
2025-01-07 05:00:00+00:00,525.895,525.98,513.31,515.25,440385.0
2025-01-08 05:00:00+00:00,515.08,516.85,510.57,515.19,292333.0
2025-01-10 05:00:00+00:00,511.51,511.525,504.0,507.18,388651.0
2025-01-13 05:00:00+00:00,501.21,505.99,499.71,505.52,367039.0
2025-01-14 05:00:00+00:00,508.93,510.15,501.64,505.13,435149.0
2025-01-15 05:00:00+00:00,513.04,517.825,511.84,516.56,528310.0
2025-01-16 05:00:00+00:00,519.0,519.0,513.01,513.1,339679.0
2025-01-17 05:00:00+00:00,522.87,523.41,518.92,521.77,551873.0
2025-01-21 05:00:00+00:00,524.58,525.95,520.205,524.68,333235.0
2025-01-22 05:00:00+00:00,529.59,533.8,529.38,531.515,589761.0
2025-01-23 05:00:00+00:00,528.94,532.64,528.51,532.595,349780.0
2025-01-24 05:00:00+00:00,532.92,533.7,528.175,529.62,411019.0
2025-01-27 05:00:00+00:00,510.915,517.87,510.18,514.05,748550.0
2025-01-28 05:00:00+00:00,515.29,522.99,511.8,521.81,504968.0
2025-01-29 05:00:00+00:00,522.49,522.49,517.04,520.625,271136.0
2025-01-30 05:00:00+00:00,523.775,526.025,518.385,523.06,358422.0
2025-01-31 05:00:00+00:00,526.82,531.5,521.21,522.3,534714.0
2025-02-03 05:00:00+00:00,513.29,520.775,511.1,517.97,462009.0
2025-02-04 05:00:00+00:00,518.63,525.05,518.29,524.46,361085.0
2025-02-05 05:00:00+00:00,521.805,527.01,520.67,526.83,237631.0
2025-02-06 05:00:00+00:00,527.4,529.78,525.87,529.54,241619.0
2025-02-07 05:00:00+00:00,530.18,532.0,522.36,522.975,258317.0
2025-02-10 05:00:00+00:00,527.28,530.325,526.78,529.22,296002.0
2025-02-11 05:00:00+00:00,526.005,529.835,525.97,527.9,274409.0
2025-02-12 05:00:00+00:00,522.33,529.185,522.01,528.29,246200.0
2025-02-13 05:00:00+00:00,529.98,536.2,529.22,535.88,395551.0
2025-02-14 05:00:00+00:00,536.16,538.79,535.73,538.04,274285.0
2025-02-18 05:00:00+00:00,539.8,539.96,536.12,539.29,328290.0
2025-02-19 05:00:00+00:00,538.52,540.76,536.54,539.59,364030.0
2025-02-20 05:00:00+00:00,538.67,538.99,532.58,537.14,436214.0
2025-02-21 05:00:00+00:00,538.365,538.365,525.73,526.125,731745.0
2025-02-24 05:00:00+00:00,527.5,528.88,519.555,519.82,574971.0
2025-02-25 05:00:00+00:00,519.14,519.29,509.61,513.34,652088.0
2025-02-26 05:00:00+00:00,515.52,519.655,511.37,514.49,451988.0
2025-02-27 05:00:00+00:00,518.19,519.02,500.07,500.33,850220.0
2025-02-28 05:00:00+00:00,499.86,508.77,496.95,508.08,740731.0
2025-03-03 05:00:00+00:00,511.325,512.91,493.59,497.35,772811.0
2025-03-04 05:00:00+00:00,494.18,503.73,487.76,495.49,919568.0
2025-03-05 05:00:00+00:00,495.86,503.59,491.41,502.06,574384.0
2025-03-06 05:00:00+00:00,493.28,498.5,486.3,488.35,825768.0
2025-03-07 05:00:00+00:00,487.165,493.145,480.57,491.74,675541.0
2025-03-10 04:00:00+00:00,483.42,483.94,468.76,473.295,1178241.0
2025-03-11 04:00:00+00:00,472.33,478.78,467.09,471.68,1022894.0
2025-03-12 04:00:00+00:00,479.15,480.9,471.95,477.1,626616.0
2025-03-13 04:00:00+00:00,475.62,476.07,466.445,468.365,504801.0
2025-03-14 04:00:00+00:00,473.73,480.55,473.31,479.67,537810.0
2025-03-17 04:00:00+00:00,479.38,485.79,477.97,482.71,479593.0
2025-03-18 04:00:00+00:00,479.205,479.23,472.41,474.585,529402.0
2025-03-19 04:00:00+00:00,476.8,485.33,474.96,480.83,511635.0
2025-03-20 04:00:00+00:00,476.88,484.51,476.28,479.31,495035.0
2025-03-21 04:00:00+00:00,474.05,481.595,472.95,481.18,445099.0
2025-03-24 04:00:00+00:00,487.55,491.415,487.17,490.49,638507.0
2025-03-25 04:00:00+00:00,491.4,493.54,490.47,493.53,344270.0
2025-03-26 04:00:00+00:00,492.39,493.11,482.85,484.54,585929.0
2025-03-27 04:00:00+00:00,482.14,486.525,480.29,481.51,434421.0
2025-03-28 04:00:00+00:00,479.81,480.43,468.06,468.96,692567.0
2025-03-31 04:00:00+00:00,461.95,469.85,457.355,468.92,831644.0
2025-04-01 04:00:00+00:00,467.29,473.53,464.43,472.62,536411.0
2025-04-02 04:00:00+00:00,466.3,479.5,465.91,476.12,666636.0
2025-04-03 04:00:00+00:00,456.41,460.015,450.16,450.7,1130282.0
2025-04-04 04:00:00+00:00,438.23,440.19,423.16,423.48,1463192.0
2025-04-07 04:00:00+00:00,408.07,443.13,402.51,423.79,1685094.0
2025-04-08 04:00:00+00:00,438.205,442.93,409.815,416.36,1363796.0
2025-04-09 04:00:00+00:00,415.67,467.79,415.54,464.74,1660096.0
2025-04-10 04:00:00+00:00,453.67,455.465,432.72,446.23,1647639.0
2025-04-11 04:00:00+00:00,445.51,455.61,441.57,454.27,542027.0
2025-04-14 04:00:00+00:00,464.59,464.77,452.75,457.27,493143.0
2025-04-15 04:00:00+00:00,458.25,462.35,456.34,458.12,274047.0
2025-04-16 04:00:00+00:00,448.905,452.51,437.76,444.32,920470.0
2025-04-17 04:00:00+00:00,447.18,447.73,441.36,444.03,689943.0
2025-04-21 04:00:00+00:00,438.36,439.055,427.98,433.16,602291.0
2025-04-22 04:00:00+00:00,438.95,447.44,437.76,444.35,966031.0
2025-04-23 04:00:00+00:00,458.3,463.2,452.94,454.23,575712.0
2025-04-24 04:00:00+00:00,456.48,467.63,455.94,467.24,680626.0
2025-04-25 04:00:00+00:00,467.13,473.02,465.45,472.485,675070.0
2025-04-28 04:00:00+00:00,473.04,474.78,466.19,472.48,568616.0
2025-04-29 04:00:00+00:00,470.165,476.39,469.635,475.38,404084.0
2025-04-30 04:00:00+00:00,466.88,477.06,462.47,475.23,438811.0
2025-05-01 04:00:00+00:00,483.57,487.11,480.75,481.16,481172.0
2025-05-02 04:00:00+00:00,486.62,490.905,484.86,488.865,542771.0
2025-05-05 04:00:00+00:00,484.665,488.91,484.1,485.95,344706.0
2025-05-06 04:00:00+00:00,479.545,484.8,478.25,481.34,389061.0
2025-05-07 04:00:00+00:00,482.095,485.66,476.95,483.29,469391.0
2025-05-08 04:00:00+00:00,488.48,492.7,484.28,488.16,688008.0
2025-05-09 04:00:00+00:00,490.29,491.52,486.255,488.01,401353.0
2025-05-12 04:00:00+00:00,507.04,507.88,501.56,507.8,621687.0
2025-05-13 04:00:00+00:00,509.19,517.37,508.54,515.53,644020.0
2025-05-14 04:00:00+00:00,517.01,519.21,515.8,518.68,725237.0
2025-05-15 04:00:00+00:00,516.48,521.87,515.17,519.18,581835.0
2025-05-16 04:00:00+00:00,520.68,521.64,517.15,521.53,459298.0
2025-05-19 04:00:00+00:00,514.36,522.51,514.36,522.0,563955.0
2025-05-20 04:00:00+00:00,519.47,520.9,516.84,520.28,594391.0
2025-05-21 04:00:00+00:00,516.27,522.99,511.24,513.04,1107052.0
2025-05-22 04:00:00+00:00,513.665,517.71,512.325,514.07,626152.0
2025-05-23 04:00:00+00:00,506.22,511.83,505.61,509.3,931881.0
2025-05-27 04:00:00+00:00,516.28,521.71,514.63,521.21,762530.0
2025-05-28 04:00:00+00:00,522.21,523.64,518.41,519.15,546286.0
2025-05-29 04:00:00+00:00,526.36,526.48,517.38,520.1,856110.0
2025-05-30 04:00:00+00:00,519.52,520.67,512.0,519.21,826411.0
2025-06-02 04:00:00+00:00,517.51,523.45,516.06,523.22,741789.0
2025-06-03 04:00:00+00:00,523.69,528.71,522.735,527.34,734079.0
2025-06-04 04:00:00+00:00,528.01,529.83,526.07,528.76,493998.0
2025-06-05 04:00:00+00:00,530.19,533.02,522.75,524.835,892799.0
2025-06-06 04:00:00+00:00,529.95,531.8,528.24,529.79,667942.0
2025-06-09 04:00:00+00:00,530.135,532.295,529.17,530.6,412781.0
2025-06-10 04:00:00+00:00,531.24,534.88,529.02,534.26,538309.0
2025-06-11 04:00:00+00:00,535.64,536.75,530.14,532.52,589201.0
2025-06-12 04:00:00+00:00,531.05,534.59,530.89,533.63,289612.0
2025-06-13 04:00:00+00:00,527.37,531.775,525.75,526.925,681657.0
2025-06-16 04:00:00+00:00,530.57,535.34,530.56,534.22,445761.0
2025-06-17 04:00:00+00:00,531.69,533.28,527.96,529.0,467770.0
2025-06-18 04:00:00+00:00,530.0,532.53,527.69,529.05,506210.0
2025-06-20 04:00:00+00:00,532.25,533.51,524.95,526.74,406898.0
2025-06-23 04:00:00+00:00,526.635,532.15,523.77,531.675,581427.0
2025-06-24 04:00:00+00:00,536.745,540.67,536.44,539.79,563337.0
2025-06-25 04:00:00+00:00,542.05,543.28,539.71,541.12,469320.0
2025-06-26 04:00:00+00:00,543.38,546.66,541.59,546.28,373945.0
2025-06-27 04:00:00+00:00,547.08,549.92,544.595,548.205,490092.0
2025-06-30 04:00:00+00:00,551.22,552.78,549.01,551.6,662857.0
2025-07-01 04:00:00+00:00,549.75,550.68,544.76,546.98,765748.0
2025-07-02 04:00:00+00:00,546.24,550.98,546.17,550.815,520695.0
2025-07-03 04:00:00+00:00,553.205,557.19,553.205,556.21,480587.0
2025-07-07 04:00:00+00:00,553.56,554.33,549.66,552.23,545227.0
2025-07-08 04:00:00+00:00,553.3,554.0,551.115,552.415,517540.0
2025-07-09 04:00:00+00:00,554.49,557.59,553.11,556.23,613879.0
2025-07-10 04:00:00+00:00,556.875,557.25,552.79,555.37,367037.0
2025-07-11 04:00:00+00:00,553.36,555.77,552.1,554.26,476545.0
2025-07-14 04:00:00+00:00,553.985,556.92,551.65,556.115,693478.0
2025-07-15 04:00:00+00:00,560.245,560.735,556.68,556.72,552716.0
2025-07-16 04:00:00+00:00,557.27,557.89,551.63,557.35,417280.0
2025-07-17 04:00:00+00:00,557.98,562.3,557.27,561.73,691150.0
2025-07-18 04:00:00+00:00,563.13,563.15,560.04,561.245,465243.0
2025-07-21 04:00:00+00:00,562.13,566.06,562.08,564.23,763764.0
2025-07-22 04:00:00+00:00,564.34,564.34,558.61,561.22,464283.0
2025-07-23 04:00:00+00:00,562.355,563.8,559.59,563.8,419617.0
2025-07-24 04:00:00+00:00,565.07,566.24,563.33,565.11,487551.0
2025-07-25 04:00:00+00:00,564.99,567.67,564.37,566.45,517985.0
2025-07-28 04:00:00+00:00,567.69,569.02,567.0,568.215,574769.0
2025-07-29 04:00:00+00:00,570.76,572.09,566.56,567.3,677554.0
2025-07-30 04:00:00+00:00,568.19,570.56,565.135,568.17,487817.0
2025-07-31 04:00:00+00:00,574.555,574.59,563.88,565.0,561000.0
2025-08-01 04:00:00+00:00,558.72,558.965,551.73,553.875,742899.0
2025-08-04 04:00:00+00:00,559.11,564.305,559.07,564.11,755850.0
2025-08-05 04:00:00+00:00,565.38,566.56,559.79,560.22,537738.0
2025-08-06 04:00:00+00:00,561.13,567.75,560.64,567.31,561272.0
2025-08-07 04:00:00+00:00,571.6,573.265,565.14,569.22,448803.0
2025-08-08 04:00:00+00:00,570.46,574.75,570.19,574.595,539738.0
2025-08-11 04:00:00+00:00,574.74,576.74,571.63,572.76,403908.0
2025-08-12 04:00:00+00:00,575.15,580.34,572.495,580.03,572307.0
2025-08-13 04:00:00+00:00,582.82,583.3,579.0,580.43,529036.0
2025-08-14 04:00:00+00:00,578.32,581.87,577.92,579.87,624243.0
2025-08-15 04:00:00+00:00,579.78,579.79,575.59,577.23,692045.0
2025-08-18 04:00:00+00:00,576.46,577.72,575.25,577.18,515834.0
2025-08-19 04:00:00+00:00,576.39,576.425,568.26,569.285,686515.0
2025-08-20 04:00:00+00:00,568.31,568.32,558.9,565.84,1044393.0
2025-08-21 04:00:00+00:00,564.35,566.445,561.0,563.39,722330.0
2025-08-22 04:00:00+00:00,564.69,573.985,563.34,572.11,725590.0
2025-08-25 04:00:00+00:00,570.45,573.27,569.2,570.275,495595.0
2025-08-26 04:00:00+00:00,569.81,572.9,568.84,572.65,390584.0
2025-08-27 04:00:00+00:00,571.65,574.39,570.38,573.55,488138.0
2025-08-28 04:00:00+00:00,574.1,577.98,572.47,577.05,947355.0
2025-08-29 04:00:00+00:00,574.65,574.985,568.55,570.31,2305120.0
2025-09-02 04:00:00+00:00,561.36,565.93,559.54,565.69,706940.0
2025-09-03 04:00:00+00:00,569.25,571.69,566.78,569.99,600317.0
2025-09-04 04:00:00+00:00,570.77,575.58,569.08,575.26,687486.0
2025-09-05 04:00:00+00:00,580.53,580.885,571.73,576.085,642376.0
2025-09-08 04:00:00+00:00,578.47,580.83,577.79,578.805,725705.0
2025-09-09 04:00:00+00:00,579.66,580.93,577.07,580.48,738322.0
2025-09-10 04:00:00+00:00,583.74,583.74,578.57,580.75,850001.0
2025-09-11 04:00:00+00:00,583.3,584.87,581.64,584.075,813320.0
2025-09-12 04:00:00+00:00,585.06,587.85,584.12,586.66,958100.0
2025-09-15 04:00:00+00:00,588.455,591.77,588.31,591.645,579098.0
2025-09-16 04:00:00+00:00,592.61,592.82,590.5,591.15,602775.0
2025-09-17 04:00:00+00:00,591.12,591.72,584.41,590.06,918493.0
2025-09-18 04:00:00+00:00,594.92,598.1,593.03,595.37,845452.0
2025-09-19 04:00:00+00:00,597.345,600.05,595.95,599.45,772642.0
2025-09-22 04:00:00+00:00,597.775,602.86,597.765,602.24,930554.0
2025-09-23 04:00:00+00:00,602.215,602.48,597.01,598.16,872840.0
2025-09-24 04:00:00+00:00,599.58,599.775,593.39,596.0,851858.0
2025-09-25 04:00:00+00:00,592.07,595.1,588.52,593.37,1093514.0
2025-09-26 04:00:00+00:00,594.33,596.26,591.09,596.015,771833.0
2025-09-29 04:00:00+00:00,599.14,601.96,597.45,598.83,751103.0
2025-09-30 04:00:00+00:00,598.525,600.705,596.13,600.33,580248.0
2025-10-01 04:00:00+00:00,597.26,603.78,596.37,603.28,611275.0
2025-10-02 04:00:00+00:00,607.06,607.16,603.0,605.77,536921.0
2025-10-03 04:00:00+00:00,606.59,607.3,601.41,603.09,659268.0
2025-10-06 04:00:00+00:00,608.43,609.34,606.115,607.68,715332.0
2025-10-07 04:00:00+00:00,609.05,609.665,603.03,604.47,624198.0
2025-10-08 04:00:00+00:00,605.4,611.74,605.3,611.45,785895.0
2025-10-09 04:00:00+00:00,611.44,611.58,607.5,610.74,552133.0
2025-10-10 04:00:00+00:00,611.365,613.12,589.09,589.62,1076604.0
2025-10-13 04:00:00+00:00,599.7,602.95,597.335,602.08,902825.0
2025-10-14 04:00:00+00:00,595.32,602.69,590.2,598.08,879578.0
2025-10-15 04:00:00+00:00,604.03,606.65,596.01,602.18,641044.0
2025-10-16 04:00:00+00:00,605.09,608.285,595.535,600.06,684966.0
2025-10-17 04:00:00+00:00,597.925,605.5,596.47,603.84,579733.0
2025-10-20 04:00:00+00:00,607.12,612.77,607.08,611.54,629012.0
2025-10-21 04:00:00+00:00,611.52,612.72,609.365,611.3,493692.0
2025-10-22 04:00:00+00:00,610.79,611.38,599.9,605.45,671760.0
2025-10-23 04:00:00+00:00,604.92,611.31,604.61,610.46,454081.0
2025-10-24 04:00:00+00:00,615.89,618.405,615.22,616.97,706064.0
2025-10-27 04:00:00+00:00,624.5,628.51,624.055,628.08,774315.0
2025-10-28 04:00:00+00:00,630.305,634.645,629.26,632.91,910075.0
2025-10-29 04:00:00+00:00,635.64,636.96,630.35,635.87,1128023.0
2025-10-30 04:00:00+00:00,631.97,633.39,625.99,625.99,609145.0
2025-10-31 04:00:00+00:00,634.2,634.2,626.7,629.26,974206.0
2025-11-03 05:00:00+00:00,635.23,635.78,629.895,632.14,471351.0
2025-11-04 05:00:00+00:00,623.23,626.94,618.46,619.16,758556.0
2025-11-05 05:00:00+00:00,618.425,626.59,617.27,623.38,784391.0
2025-11-06 05:00:00+00:00,621.8,621.92,610.41,611.69,811909.0
2025-11-07 05:00:00+00:00,608.325,609.9,598.68,609.75,1138541.0
2025-11-10 05:00:00+00:00,618.925,624.27,616.91,623.27,826594.0
2025-11-11 05:00:00+00:00,620.57,622.72,617.67,621.57,535080.0
2025-11-12 05:00:00+00:00,624.84,624.84,617.835,621.05,612254.0
2025-11-13 05:00:00+00:00,617.52,618.115,606.08,608.39,709281.0
2025-11-14 05:00:00+00:00,599.54,613.35,597.23,608.77,844049.0
2025-11-17 05:00:00+00:00,606.26,612.48,599.91,603.58,615872.0
2025-11-18 05:00:00+00:00,599.36,602.01,591.38,596.27,1085582.0
2025-11-19 05:00:00+00:00,597.02,606.065,594.6,599.79,725047.0
2025-11-20 05:00:00+00:00,611.65,614.005,584.85,585.82,1122864.0
2025-11-21 05:00:00+00:00,587.33,596.92,580.82,590.25,1070210.0
2025-11-24 05:00:00+00:00,595.28,606.66,595.23,605.34,967248.0
2025-11-25 05:00:00+00:00,603.5,610.255,597.43,608.915,765849.0
2025-11-26 05:00:00+00:00,612.53,616.18,610.47,614.27,596275.0
2025-11-28 05:00:00+00:00,616.14,619.21,615.45,619.1,395725.0
2025-12-01 05:00:00+00:00,613.7,619.42,612.57,617.25,485823.0
2025-12-02 05:00:00+00:00,619.35,623.75,617.625,621.99,516168.0
2025-12-03 05:00:00+00:00,619.75,624.205,618.09,623.53,454611.0
2025-12-04 05:00:00+00:00,624.94,624.94,619.66,622.91,433801.0
2025-12-05 05:00:00+00:00,624.42,628.89,623.735,625.52,681504.0
2025-12-08 05:00:00+00:00,627.11,628.8,621.73,624.23,573090.0
2025-12-09 05:00:00+00:00,623.005,625.86,621.66,625.105,485231.0
2025-12-10 05:00:00+00:00,623.625,629.17,621.05,627.69,608334.0
2025-12-11 05:00:00+00:00,623.775,625.765,617.91,625.61,732230.0
2025-12-12 05:00:00+00:00,621.92,623.52,611.38,613.71,1019139.0
2025-12-15 05:00:00+00:00,618.25,618.32,609.37,610.66,364335.0
2025-12-16 05:00:00+00:00,608.19,613.5,606.95,611.855,784659.0
2025-12-17 05:00:00+00:00,613.05,613.63,600.29,600.38,973792.0
2025-12-18 05:00:00+00:00,609.75,612.91,606.94,609.15,786202.0
2025-12-19 05:00:00+00:00,611.93,617.56,611.87,617.13,639189.0
2025-12-22 05:00:00+00:00,621.375,621.62,617.79,619.11,643439.0
2025-12-23 05:00:00+00:00,618.16,622.41,617.815,622.13,748619.0
2025-12-24 05:00:00+00:00,621.99,624.28,621.795,623.96,211916.0
2025-12-26 05:00:00+00:00,624.66,625.44,623.16,623.87,547710.0
2025-12-29 05:00:00+00:00,620.13,622.69,618.77,620.885,475290.0
2025-12-30 05:00:00+00:00,619.8,622.17,619.225,619.42,492557.0
2025-12-31 05:00:00+00:00,619.59,619.86,614.05,614.25,532939.0
2026-01-02 05:00:00+00:00,620.0,622.805,610.16,613.08,794922.0
2026-01-05 05:00:00+00:00,619.32,620.76,616.84,617.97,694800.0
2026-01-06 05:00:00+00:00,619.18,624.02,618.61,623.46,875526.0
2026-01-07 05:00:00+00:00,623.035,627.9,622.58,624.11,918578.0
2026-01-08 05:00:00+00:00,623.1,623.405,617.82,620.435,813710.0
2026-01-09 05:00:00+00:00,621.35,627.88,619.13,626.655,778213.0
2026-01-12 05:00:00+00:00,622.33,628.825,622.31,627.19,602806.0
2026-01-13 05:00:00+00:00,627.185,629.465,623.7,626.105,610679.0
2026-01-14 05:00:00+00:00,622.07,623.43,614.64,619.55,847896.0
2026-01-15 05:00:00+00:00,626.59,627.25,620.92,621.66,727130.0
2026-01-16 05:00:00+00:00,625.51,626.0,618.92,621.03,792096.0
2026-01-20 05:00:00+00:00,610.59,615.055,607.05,607.93,931342.0
2026-01-21 05:00:00+00:00,609.32,620.38,607.94,616.18,933395.0
2026-01-22 05:00:00+00:00,622.41,622.41,617.81,620.81,594512.0
2026-01-23 05:00:00+00:00,619.57,625.37,618.71,622.78,533885.0
2026-01-26 05:00:00+00:00,623.19,627.58,622.21,625.44,517879.0
2026-01-27 05:00:00+00:00,629.01,632.04,627.37,631.055,613751.0
2026-01-28 05:00:00+00:00,635.19,636.56,631.855,632.99,605455.0
2026-01-29 05:00:00+00:00,632.65,633.54,618.38,629.36,913709.0
2026-01-30 05:00:00+00:00,625.575,628.15,619.37,621.71,767386.0
2026-02-02 05:00:00+00:00,618.69,628.49,618.69,626.25,880689.0
2026-02-03 05:00:00+00:00,628.24,628.49,610.98,616.46,1056476.0
2026-02-04 05:00:00+00:00,614.82,615.06,600.5,605.64,1212706.0
2026-02-05 05:00:00+00:00,599.87,604.73,594.79,597.06,979560.0
2026-02-06 05:00:00+00:00,600.11,611.38,598.88,609.59,830073.0
2026-02-09 05:00:00+00:00,607.44,616.44,605.16,614.33,770388.0
2026-02-10 05:00:00+00:00,615.24,617.02,611.015,611.48,839287.0
2026-02-11 05:00:00+00:00,616.415,617.5,607.72,612.9,703161.0
2026-02-12 05:00:00+00:00,614.67,615.78,599.58,600.56,833212.0
2026-02-13 05:00:00+00:00,600.38,606.42,596.57,601.86,893185.0
2026-02-17 05:00:00+00:00,598.375,603.93,593.44,601.23,644540.0
2026-02-18 05:00:00+00:00,602.045,609.77,600.82,605.67,915622.0
2026-02-19 05:00:00+00:00,602.73,605.81,600.78,603.4,676494.0
2026-02-20 05:00:00+00:00,600.01,610.31,599.39,608.87,806826.0
2026-02-23 05:00:00+00:00,606.58,607.94,599.08,601.44,794996.0
2026-02-24 05:00:00+00:00,602.29,608.99,599.81,607.905,825308.0
2026-02-25 05:00:00+00:00,611.06,616.81,611.03,616.58,863479.0
2026-02-26 05:00:00+00:00,615.54,615.54,604.0,609.25,1318477.0
2026-02-27 05:00:00+00:00,602.98,608.205,602.2,607.335,951460.0
2026-03-02 05:00:00+00:00,598.9,609.9,598.03,608.03,1145172.0
2026-03-03 05:00:00+00:00,596.325,603.93,591.94,601.66,1530307.0
2026-03-04 05:00:00+00:00,604.08,612.84,603.52,610.58,824664.0
2026-03-05 05:00:00+00:00,607.495,612.73,602.28,608.92,1693084.0
2026-03-06 05:00:00+00:00,600.315,605.95,598.4,599.835,1033513.0
2026-03-09 04:00:00+00:00,594.155,609.23,591.355,607.76,1033896.0
2026-03-10 04:00:00+00:00,607.845,613.25,605.5,607.61,1104371.0
2026-03-11 04:00:00+00:00,609.08,612.4,605.14,607.72,704608.0
2026-03-12 04:00:00+00:00,602.75,604.1,597.065,597.31,1017676.0
2026-03-13 04:00:00+00:00,599.58,603.585,592.6,593.61,1352557.0
2026-03-16 04:00:00+00:00,600.05,603.86,599.11,600.48,983351.0
2026-03-17 04:00:00+00:00,603.18,605.88,601.92,603.51,955984.0
2026-03-18 04:00:00+00:00,601.28,603.09,594.56,594.82,1033901.0
2026-03-19 04:00:00+00:00,589.485,595.75,587.12,593.0,1395856.0
2026-03-20 04:00:00+00:00,591.07,591.14,578.6,582.085,1903817.0
2026-03-23 04:00:00+00:00,590.395,595.05,585.97,588.21,1332715.0
2026-03-24 04:00:00+00:00,584.74,587.91,581.99,583.92,1088259.0
2026-03-25 04:00:00+00:00,589.12,591.33,585.78,587.77,1246725.0
2026-03-26 04:00:00+00:00,582.605,584.56,573.45,573.68,2306886.0
2026-03-27 04:00:00+00:00,570.805,570.92,561.58,562.5,1797116.0
2026-03-30 04:00:00+00:00,567.345,567.99,555.6,558.28,1115791.0
2026-03-31 04:00:00+00:00,564.28,578.55,564.24,577.11,1522663.0
2026-04-01 04:00:00+00:00,581.53,587.715,580.55,584.34,1256368.0
2026-04-02 04:00:00+00:00,574.01,586.05,571.94,584.95,650504.0
2026-04-06 04:00:00+00:00,586.33,590.58,584.69,588.4,457342.0
2026-04-07 04:00:00+00:00,585.885,588.97,578.43,588.88,745621.0
2026-04-08 04:00:00+00:00,608.755,609.85,602.29,605.96,672900.0
2026-04-09 04:00:00+00:00,606.0,610.5,603.05,610.05,650838.0
2026-04-10 04:00:00+00:00,612.06,613.67,609.585,611.15,568736.0
2026-04-13 04:00:00+00:00,609.5,617.6,608.275,617.325,555645.0
2026-04-14 04:00:00+00:00,620.36,628.58,620.36,628.58,1100261.0
2026-04-15 04:00:00+00:00,629.3,637.65,628.21,637.24,909436.0
2026-04-16 04:00:00+00:00,639.225,642.18,635.35,640.41,716494.0
2026-04-17 04:00:00+00:00,645.52,649.99,644.15,648.73,1020254.0
2026-04-20 04:00:00+00:00,648.3,648.745,642.525,646.515,546415.0
